tx_id,input_utxo,output_utxo1,output_utxo2
tx_1,ctdzi0b0wg,thxh4j0fqi,1hq28eqig9
tx_2,4hwodheob9,7bd1my0vbb,gs2i1fwyqo
tx_3,lyl1aurujx,p6zybdudox,lgx55lf1xp
tx_4,5qdfy5uyh0,q72kab4unx,egn5dp9l6q
tx_5,scjag7vexl,rsoqwpk3nd,k978q6ge97
tx_6,45tzqb0rmy,7foyu4i7o2,b4aifwzo6r
tx_7,n9ea4hfbqr,ij56dd8e19,p89bn4na7w
tx_8,ecx5clq5mc,sryq8y0xx4,02stbpn9r4
tx_9,91cqhybhy1,w35mjl2fgj,chrik2ielf
tx_10,a9yi1otsze,hpsjz27e9k,l8hm314tw7
tx_11,d2g86c8wec,sva425u8m0,jwetzyswh0
tx_12,wnzapz344h,sbag55i2jc,t03ia9qkkh
tx_13,18zkbhe3ss,0qox0is77y,gxz3zwc1kz
tx_14,z94yuxb2jr,kq95a7ngwn,1843wcucjt
tx_15,en08zjr6we,jfhjcq6pkc,3e1gm0aogq
tx_16,jc3u3ui2gd,ji6ff966b8,sgirzaodvb
tx_17,2sfd8hgb4e,c8sjgtwk6x,rpkx2n47oc
tx_18,bmztkjwdrc,b2t7jzk5cy,rfwgnng0p0
tx_19,4i8uuye6zn,chhjj5pmdw,vlclsro272
tx_20,74k2fdd4bw,axmxyt8anv,nqnkqf8u6m
tx_21,xu2fajpyjt,u3kf4yjbb2,tln8mbmvgo
tx_22,e6pvbqzozk,8jwq3hgs8w,jvasrzzlp5
tx_23,k4mpxzqy2q,53tymrnezy,qcqnhxpaod
tx_24,8qcpione8e,lbjxsmd0za,yvn0bii2eg
tx_25,jfhjcq6pkc,icp0ct9e91,o0knsdd8lk
tx_26,lk92tk2esf,2kugff345g,indjg98lmz
tx_27,egn5dp9l6q,qvxh2yof06,iyuoqg4udx
tx_28,6z5ulavz9s,w2vfjupxvn,d5ru88v6wa
tx_29,m037t6z3tp,zpsz7owbss,4unf3rdlfb
tx_30,33m9jhmqv1,5rm7e37350,jdn6tw7kex
tx_31,hlhkxgo8cw,ks87g7usvn,ckkv56lco1
tx_32,vvedy126je,e38rwg0t01,tyf40nal2e
tx_33,z88scxg5kb,q4v964kpsm,xly79csx22
tx_34,duc63k6gjp,x0jlg8nmdk,kdmu9fayyg
tx_35,kij5hngzp7,2zyn35ky07,wl6t5t3fl1
tx_36,c0y6nobqil,d6exsyz743,b69jf4vcuj
tx_37,0t75yfbnja,q2zfifonq8,bjr68imhrn
tx_38,968nv894of,auumdt0o5x,ppedim1hjf
tx_39,yzylb5qnv3,gi4rtgbz5f,nxxtatr00v
tx_40,1843wcucjt,fvo26t0fpv,wqql66u0lu
tx_41,sgirzaodvb,w9oaicj55q,6qx8hvaukr
tx_42,7zw0m3sw2f,7qvfogdoa2,ov8ps1mcd9
tx_43,nl3flmehjq,tqauchs1bl,ei5a25ilpy
tx_44,ifskizbti0,yu2ke3jpnn,p3pmkcvkjn
tx_45,cqlst9dtxm,aspt174wlp,f5sbl8cns6
tx_46,ppedim1hjf,bcfz06gd39,77bacw1zxf
tx_47,j5pt600zy9,0eszn8qw4v,hcub3ynzwm
tx_48,wqpqhsgwpm,51412b6tlg,ugxlrafb2r
tx_49,7aqeoeh4e9,3wcl52wv8n,7e7bq66yoc
tx_50,82iyfgz0e3,l9c7xuwty6,dzaat2egc8
tx_51,qzja31qiv4,bp8brx6rpt,n90hkjqrkd
tx_52,mkmlqazc8a,4zyrvi84f4,povgq7w0kg
tx_53,chrik2ielf,u1vxgsj7fl,k45g7f93xq
tx_54,oc1ibn5qtv,y0zjncw1jc,lfk28jhute
tx_55,1cwx53fslm,o6mw0fq9y4,z15e6o5wma
tx_56,l8b3vro2yo,s8a1gunnpf,4m12xi5nnv
tx_57,zaj78tz8yp,vruelg1fle,6ir9zkkwjx
tx_58,y4t7l83snu,38luia1lvg,yh0p03i62g
tx_59,23kugg8gpn,2y0h197dlk,n1m022qtyv
tx_60,piwohvisjc,pj5iyjsv7p,x3h9112sde
tx_61,hitu466e8c,k1aj6puezv,rkl9sq5nqv
tx_62,hpsjz27e9k,kehypiy9xt,i1p5u3ptfr
tx_63,funbyajaxw,hdmmsa5aje,okccfwuwvi
tx_64,frxglwg3gf,mv604hq9f5,z5ewrbcu6l
tx_65,wp9mc5jy3z,roczshw512,zsyxcxdp3f
tx_66,3anhp6rkgu,zw4hvphvry,wq8z3i4i7y
tx_67,hfpf0smdnb,grz5wfy7b4,nzbftimz11
tx_68,fn2lxcfjj7,ehys2e3sww,st4fel21rb
tx_69,8wt6f19giz,grrwi38mxa,lsyq82k0g5
tx_70,t0nvnzwr4d,sq8vrhmsrs,1gk51jk9jh
tx_71,o8p8e7tn6t,w3w6y07w4c,d4bqypzzvg
tx_72,umjsg7if3m,ek3zji3jrm,7beu5f3ivp
tx_73,d7zjmxrshs,dizjxd4ztm,pf61nnp6qx
tx_74,ii6lloxc0f,8xit9daybl,f53dnx1fpc
tx_75,9vkwg0erlz,gpzmwv3vn8,b5dca35v2z
tx_76,f4gap5ei21,s69nobddun,lr8k9inxac
tx_77,vdgag1jo0j,j2df4jxzvv,uqfox6i2f8
tx_78,knmzvgv63h,3f9coleddi,rfx7vvdbls
tx_79,om17t1in5q,orq1my3mu6,m64reus36h
tx_80,wdfdb12ovl,9scf2d43iq,go4kxdnod0
tx_81,s69nobddun,nkyz6khl4b,zq50hvekin
tx_82,ek07wlw9is,es4dfndmx7,s63020nyf5
tx_83,3a9qyassqv,pv0bsmkr4p,m08zzvpfsw
tx_84,41qubb0xef,vytn291zda,0klm7g9a5t
tx_85,rlddeffx0c,jz3bwbwhr4,reh3beizx5
tx_86,i2rs8xxbst,65l0e1ruvl,k0vm8rl49c
tx_87,55pyde2fye,x0gqhufc0d,e5iotoznkj
tx_88,fz3mgnnxqo,ppn845l4kz,wk71ihmfdk
tx_89,siork6q34n,phj38is2fd,ft50guiqv1
tx_90,6jxqfu9zhp,d970el1179,o2p51pbysw
tx_91,pi8a9lauy1,0r99f2t0rm,aj6xdichgy
tx_92,px1k6kexfc,ey9lttd238,n8ftd8t24d
tx_93,8vbaqvsfrs,sguo0nikd9,rnaxjg7sbh
tx_94,f1ug0jxemp,7vb0464te5,eahy8qliss
tx_95,a5zpo0fxot,uq6ybvubl2,65v2r0oz97
tx_96,ef4jcuk4jx,a4pvxmiihu,1yzrnd2fph
tx_97,eyus8yvfio,szire9u68u,nzwz3vds3x
tx_98,wq8z3i4i7y,pblj2l6ubl,c4zy1eiuzu
tx_99,n9kgoy3zkd,c3u21crndn,jldsvxwyuz
tx_100,xgc69iaejc,rq7h22h3l6,v70koept5h
tx_101,0lgt9jliti,96vdibv52n,2tus9n6kv1
tx_102,yo9dpklwtg,pxqswqi45v,4fa14yr9e6
tx_103,7qsbnol1yq,1cdzy9r6rs,z38302jqs5
tx_104,3fjn7wp17g,px0n2byjij,pq6mh8xabd
tx_105,e0l7mwlyz5,a7zaeuaa6h,vw61hmtioz
tx_106,8xit9daybl,76gz6qk90g,dxxz8o03t8
tx_107,aijo57scv7,fb26zoxkfz,f1wyy03tow
tx_108,ymmwymz5os,9h64vsrupl,n6owb04ysf
tx_109,dizjxd4ztm,xrxqfakh6f,e9t9g948e0
tx_110,82d29sctpr,sgx8dq1b26,lfn5ias1k8
tx_111,iro7h0vtsu,srrfp7hia0,8gpgqkog4r
tx_112,wm1i83uacs,kqeka1vz1u,72cihvhbik
tx_113,h8t2yzbrmx,bsdtks81sy,7ntrnb1m9x
tx_114,bnivywcve5,ud8wpdrmp2,q4rhzwyuh5
tx_115,bnbf11ohji,lo8si73zzs,qoxvbctfxp
tx_116,dz6q1hm87s,xu44pyvz2b,hd6kdvku7d
tx_117,sryq8y0xx4,byp2uoyjhj,mhf4wue5ep
tx_118,98au03rryy,itj94x1i4e,6hyi8uct8q
tx_119,f3ns4oraeu,t9p5yi4i8a,sw5eksr7rq
tx_120,es4dfndmx7,yjzpo6aaoo,4giq4xlqhh
tx_121,7lc3c8qt28,jn6bsufcsm,rsgnrsbkt9
tx_122,gdiozci872,rymhidciyh,z3jmc2tc14
tx_123,gs2i1fwyqo,3nybcvp08v,r2vzj0s0ly
tx_124,chvtm8fkxh,h4nc50bt14,jve5ma8kpu
tx_125,96vdibv52n,f1fta48i49,a2gb2yzgcy
tx_126,mhf4wue5ep,0hot0pmwcf,iamnk432ib
tx_127,gxz3zwc1kz,p26iyq3v8s,bnuph7adfb
tx_128,olbuwjx11t,yuc96kubzv,085ilxaaz9
tx_129,7rid184z9a,bu756zmvs7,nq8jfpl6u1
tx_130,bafdrwdp8p,qz0r7n2ejo,mr5weg76cw
tx_131,w2483ysq2b,1o972lem2u,mapqnpdc2n
tx_132,v9aj8uzwdq,ez4wbo3w90,zzgopoik8r
tx_133,dnhek3nnji,j7b9j2vle3,8rpp5f34r3
tx_134,tusxx1ilmj,00kiz59tak,fi2y3xipzv
tx_135,7f0vowbkpu,mx41ao74cj,ydujilj6fo
tx_136,wgsidqr72v,xw15gxiy2i,38vc3132rx
tx_137,bnuph7adfb,ns8kz70b4y,mmotrf90et
tx_138,u7d1sl95wj,9ztsmezbx7,zyxljnnhpj
tx_139,i4izepkyn6,zqn6k5wzny,86e9m7qkhl
tx_140,reh3beizx5,gevepdyeuf,uuk3chbydb
tx_141,mhbp2qa5qz,n0aoowheif,pty3lul03v
tx_142,e8ggci4j64,6qaymcb2w1,f2bvzmi0vy
tx_143,8it5w8z82t,1xt69azjqi,3ub0xyjoib
tx_144,g141qco3pp,egl2lvfj8t,6hz0z0u8jp
tx_145,g7167r8grt,u43k1rux41,13fcexnz7q
tx_146,diujveui6g,ojo9rl4nqo,kxsxfwfhk6
tx_147,mwjopvzrhc,tm77zzf2bz,xd5f7hbcy9
tx_148,i5ixtohbq3,0alfve4ped,16oqnsy32m
tx_149,tk5h8ijld5,s3tnno9woi,p0ah383a6d
tx_150,bsbogf62n9,t8fky2mvvx,54ytf8wgyp
tx_151,f2bvzmi0vy,i2i0o8wbgz,867haagaco
tx_152,00kiz59tak,347rf1k9tv,dtvi53gr1v
tx_153,pie52x54dr,18v0a4mw8f,3r9ou8m2p6
tx_154,51412b6tlg,3oyaqyxa5i,zayik8rc4u
tx_155,wulmndl8wq,tbnhp9mr60,lsd288503e
tx_156,oqxafxrb7k,zul5tis19d,x9vyijybd3
tx_157,s59box4n3a,ftn082uqpo,cvv4v2lt3q
tx_158,natyf6nwai,4wbggl47bc,pdkci933m1
tx_159,0sro4r5sj7,sejglk4pc5,ao2ypemojj
tx_160,byp2uoyjhj,0ty4yrce1e,f0s1mim7qb
tx_161,5lve0uj71g,tgt4997a5p,iccypugv9y
tx_162,gi4rtgbz5f,p8yi283u5c,ceu7tcv03h
tx_163,8rpp5f34r3,d876tvebg9,zqibqne796
tx_164,rkl9sq5nqv,yzchswhc2t,hra748vdkb
tx_165,flvk0uz3ww,ce0fzwkliz,hcwvc04fmt
tx_166,bm4rnxh6ie,e29h90mgt0,2ji9ibxua9
tx_167,ud8wpdrmp2,vmarrlv511,jd87sicqq7
tx_168,3e0l73ibot,sc29aww06u,drbnu52aru
tx_169,7gxluawn71,bb7taltc2n,pm089yy1z5
tx_170,hp3nwh5gng,a8dq6wr8qy,hr2xyf9udt
tx_171,u1x4oqfisa,2nsn0h656b,ivulj0on7y
tx_172,id41ovidos,nfu2ko244h,wsa4858107
tx_173,uqw8rb5k1n,1vmz2l9pzq,jlitnpu7ds
tx_174,af3fupkmkl,cj4x26tk1a,baib69fcri
tx_175,xly79csx22,j92o7i68sg,7zqp8wjewj
tx_176,8ixix4d968,2zyxb5m07w,jay0i9gvui
tx_177,32pbes3ql5,9g0ptq4o8q,t1mpte7wkm
tx_178,7n3bnoopql,23cw9qoqs6,orh4xjib6r
tx_179,qvxh2yof06,lf2kxsxoo2,uxdgym44m1
tx_180,cew1yb75xn,yoxx825w67,ggjyg5hj3c
tx_181,vvgo3s3l0y,mkbkiyes6w,qut3aek9pq
tx_182,0ufqfw1fhf,u47yqngdjw,bwk0jw1cma
tx_183,byltx77hxi,wzpsjcaoug,x93130diay
tx_184,m7j16hruis,h0j4tv08m5,1bt7ki3azs
tx_185,zqn6k5wzny,zejrr4yd3s,ri10pvzl7x
tx_186,31dbqig932,3rl17jo9oq,s1m4gw8wfu
tx_187,0abf9cziib,3acmmyd92s,zim1mjlxn2
tx_188,ztncdiakg6,8jsyez53ys,nkqivbrqlx
tx_189,n9kj8j30b4,pc2lgrom24,w9g6pnepjw
tx_190,z2si1jesun,g4l7j29wt9,t1q625nx38
tx_191,rkipqves12,7zcbfydfem,nb31xo9dgb
tx_192,m0n1mk75gl,h9jhf1a370,zxibe1flii
tx_193,ptavdgl60t,7a6z8l2zbm,xdndfsq4c1
tx_194,9npccin6bm,0wcx4ospn5,zt1su97g17
tx_195,almvy8phea,r97lfei9sx,ub5jrzdewt
tx_196,dbhg68jt2a,54hl6fnhvs,q5zux89twr
tx_197,jdn6tw7kex,36n60covhj,v4kg1pg31s
tx_198,3nso7cseaz,342xzgb7je,y7iwwwd8og
tx_199,rq7h22h3l6,idjt29l5lb,516o7i4hnk
tx_200,m2f82u2jny,v6yge1pu2w,m8bl9b7po6
tx_201,7qvfogdoa2,3a0p4nayac,seslkl2yvl
tx_202,h1ml9oqxgc,x52wrng872,nxja3s1ug1
tx_203,yvn0bii2eg,zlbewtlmyi,g3irmgf28e
tx_204,hl1t3qa9qn,867ikpaquz,3d2o51q9ez
tx_205,ois0gipfeg,ddl71lhqqj,hfckfh0pwc
tx_206,33t4neci22,eocbzkop9q,90ffd148xj
tx_207,qvzms6c6q7,rekxe4drr0,hdpz700as9
tx_208,ni8xp6iwoa,yqhjrpkwyy,jv2xefregm
tx_209,a47313vswb,xrgw7gg05q,1l67lhw3gi
tx_210,yur3fh8sus,57ebybs85q,fk8mdiu3xj
tx_211,zejrr4yd3s,w4b01kjltx,rfxh6n1ocu
tx_212,bb7taltc2n,utq3hggh3x,zskge8q8er
tx_213,in0j1t339j,goxunlycac,ndrvks70wr
tx_214,0ybx37e6oy,geta1k7lqd,jjxah6bwfi
tx_215,8sh69z1j9w,lbs5724blp,77e3fezxb2
tx_216,d876tvebg9,lewwvk36dd,pugz95hwtd
tx_217,u4wzapd47x,eqf983y9g5,5qvnc2f4x1
tx_218,mexsjao706,by8va6us0s,8rp3lwjxrl
tx_219,lbs5724blp,zfe66h4a3k,o62ej5akfr
tx_220,2gfjx9brtj,8rmpgj0tda,qnodxa1jkh
tx_221,3ve3kd7d1y,6cz4kqrawb,nw43cp0bzj
tx_222,ag4igas3y3,e5b9dy3gbt,p18kbhxumh
tx_223,6aa1gupwdz,dfv7xj0bh8,o0o6gcg9yz
tx_224,74rqw3brup,eplzr388cr,spbrcaaf5i
tx_225,p12irvsyze,zggk82q0xx,ulnysxd69y
tx_226,k46hg5mvdy,zdu0j2zcft,oc6aj3qvrd
tx_227,hs7u9di4iw,wv902kplfu,exsrhix5go
tx_228,5hfo2rnk1j,k0vt1rwo5u,we3r1nsgjn
tx_229,sejglk4pc5,de1leui3vj,idzskth6c0
tx_230,mfm52iiu4l,gwkof0khtd,jxe1pmrf9a
tx_231,mwgkbxnkoc,z9morgi97w,a5jeaxnct6
tx_232,bihs2c3yuo,7pmm11lgr3,crspxm967l
tx_233,x4pekbdsf3,o7eo9my7ih,v18cn3on27
tx_234,n0aoowheif,bj1ms3wqay,nd9y3rkckw
tx_235,0qkbk5lxfr,sqs9ovrs7l,8qas3m74sk
tx_236,q2zfifonq8,k1ikhwt35b,xyp5mn24nv
tx_237,lua43lif7u,7iww0d8ep3,rbc06bpy32
tx_238,bu756zmvs7,3g1v25z8g1,58fcrx2efc
tx_239,pepdfz02pg,xqy3nwvjps,ryjgtam1z7
tx_240,h33a5w5dez,td2m2z9vf8,vc0j46hly6
tx_241,ykopq6llh5,llo618a9r1,882x0wf6ms
tx_242,acrozpu260,3uyblu7b6m,t0i2licgj2
tx_243,f2riy5n4k3,xb02gba4uk,dr52stli19
tx_244,bbdc7k4361,ri3zjxrhdx,i02mhv9vlv
tx_245,idzskth6c0,1r5ia5xtpe,9wxllybexq
tx_246,ncygxzjqjc,gh7zqx02ly,rk7bj7mxc3
tx_247,wzpsjcaoug,shhsmvwu3i,men6l68lwo
tx_248,4c3oppzbxg,l93u5uppcq,m2urm9eljb
tx_249,r8qn4s4ygz,o2gfir93rb,ptxex4rj3d
tx_250,n426ap73m8,3y4nawzp2s,z2412je2h0
tx_251,kck3dulwy8,34mfdllc9s,zclh6hsywa
tx_252,fta3t79rvs,azvyzgpbx6,vrps58klz6
tx_253,1xt69azjqi,2x232lpt4k,khiez3xmxt
tx_254,77lafvuvfc,z6d4diftv5,fy1s3onj65
tx_255,ruy1yhzk6p,d1ov2337hx,2bzgv4jkcn
tx_256,f7kzkfmlyr,885ptoqrvh,tncwk4uxfy
tx_257,hlx83uqosq,2be4ols4dc,xuhoz6nqh9
tx_258,0v2pkgqtre,hwcat7352v,l6711pnxc0
tx_259,hr2xyf9udt,pmvqbuioo3,gvrdqquoxz
tx_260,o4xjb8bzgd,r3uzamqqnh,d1jy201qm7
tx_261,cf9rsxw5ns,qu4wfbfnfq,7ohso7dvff
tx_262,htb4m2j4e6,v96h8aulhz,jig10c3hpk
tx_263,dwazjayqn4,es83mwvd21,o6zukxknjx
tx_264,bj1ms3wqay,swwidjy3m1,ffoofn5h1o
tx_265,yltqeofzrk,uy0gigycxe,wst32bpl4x
tx_266,d1jy201qm7,6xm41jcerg,kiubl1klyh
tx_267,rwthbswkjv,a23mstzdzf,0ndoe3ojwj
tx_268,6zgwa2i5cb,ng5ztketrl,2e11aqpwpg
tx_269,uh8r2ooybn,9pak910onr,029ezzxxrw
tx_270,fb26zoxkfz,tr1rpj4cf3,zqup0ubw30
tx_271,rfx7vvdbls,zapuv4tw8v,y8mg2zkkvs
tx_272,l4hsnh6tbj,52s0tg0eqh,d2cbqgd9dk
tx_273,x0gqhufc0d,f7it6xc0a7,rlntd0jnz1
tx_274,n3ti51cd0m,j8nefif746,22ivouvgnj
tx_275,msehibal68,pprghe74o5,jlupsxa3mj
tx_276,ormnoaficn,jbkcgfw38u,39cs78qpq1
tx_277,zapuv4tw8v,3k9195ngcu,gsn0a9onak
tx_278,1t70pq0njp,2hkg4ox27o,lycxotmnc4
tx_279,zsl3e3f0fq,3r7myeod37,gnvq636p8h
tx_280,ur23di8g9v,gnuegj9hqi,hcf03x7gee
tx_281,v5ui1mrmww,emzha3qm0m,r1p7a2vc51
tx_282,sva425u8m0,4ye04dkn43,pegrbyczfz
tx_283,7x9xhu5i24,gxrmog5oxw,h7u3puyt98
tx_284,6ogl9vojn1,dznbti6kca,ekj7q9b4xe
tx_285,br5dxonv7o,iktsutr53m,wfjxf6wd0v
tx_286,d2cbqgd9dk,cs1azv4j4t,ndx8wsitzt
tx_287,px0n2byjij,6gm9ertooz,99sqyy8q0o
tx_288,emzha3qm0m,0ztqj2d1lz,1vwemkrr0i
tx_289,jbkcgfw38u,324ys2jqix,rdc7uu6qyc
tx_290,9l1cjiqlqy,jb4le1033r,px3v9976bq
tx_291,8frza902qw,1te4vyouau,tci5sriao3
tx_292,llk36v99m0,8e8qe892jn,u3qvfbqdj2
tx_293,dgmu0g8pqv,ulj520tmj0,v8kn6bioq8
tx_294,bxqyo7ncel,7j8ub8sobb,v3kdcnfwpp
tx_295,ddl71lhqqj,lsn8qp8wbm,6yp29icewc
tx_296,v96h8aulhz,9g31q1xuho,00mq29q3nb
tx_297,aspt174wlp,04ehyu8blk,mrgzqe5f76
tx_298,4qtwqtzxn4,7vg1q4j8pp,r1gmn37myn
tx_299,j1lwkocllu,9fq7jjop75,pg31hidkbr
tx_300,tpixp6o6mn,7wg2so4get,p5au7alp8h
tx_301,drbnu52aru,fco3rox7q4,e0m3g696lk
tx_302,hwcat7352v,t3ad5j22zp,fv0bonl94s
tx_303,5orh1zvs29,6opy8tlhoq,cbifcc2noe
tx_304,7vqoyhyaxo,o2fz0ysg3y,73rr6tkc3l
tx_305,fi0dnhph3l,r9y4svxg8h,jfzh6tpj7v
tx_306,hhyk2mw3c0,3ny3pd8jnb,z8ye2hj3z3
tx_307,4ykoupqpb8,z4usmhcnhq,6wjlrfmq24
tx_308,f2y5mp12j8,w2l01ihl1h,mj8tcos6ox
tx_309,w9g6pnepjw,ic9hhyiznl,8be54odfbz
tx_310,r561k48r0o,ne5q7uj1y9,kq52yxo3qw
tx_311,ro98oiikkr,5whe9m0jay,sx9oqa8vge
tx_312,1yzrnd2fph,nxwnt2rbto,edunqpkra7
tx_313,enks662wlr,opprccbuug,n3mfe39zee
tx_314,bjr68imhrn,b82lx93adb,p1q4pqsd4s
tx_315,zqup0ubw30,6p768wpwf5,edps3a684v
tx_316,mm2ebinu5b,1n9iw12hqq,larzzu8jat
tx_317,thxh4j0fqi,5e33xbet1s,p0hv7d7pt9
tx_318,ggjyg5hj3c,45et2zdi0j,btwktak33k
tx_319,867ikpaquz,pw6t5alwj3,yptgaxkdmb
tx_320,76n2ch39xx,ydratclnup,v1fr901n3e
tx_321,r8nb99sm4h,30cvqnlbu7,qclix18ftw
tx_322,p26iyq3v8s,wzevzb4y1q,yehcpl29d7
tx_323,rlntd0jnz1,zknngq80k5,dflkwxy2op
tx_324,belsnhfvee,uxeqpoli4u,iayy17c2vs
tx_325,69i9b2zpdc,b97dz2i28p,fi9n9py1on
tx_326,h9jhf1a370,wd4o7y9nfs,f49gj85z3s
tx_327,sguo0nikd9,bwe88zte32,v78vv37808
tx_328,zq50hvekin,o08v9f7av5,i7a9sgefep
tx_329,lfn5ias1k8,ibkgprf303,fakmktwlal
tx_330,a7zf4xv6xz,1zqq7duh66,htvjxm3ymv
tx_331,gv98c6nopu,bwq1oqfz6x,y8vs23wl3o
tx_332,tqauchs1bl,5if5b23qfz,g149v5047j
tx_333,yuc96kubzv,tu9wo14lmb,pj1f3htue9
tx_334,l4fjk0ggvu,tfn3pnk62s,wgt62z1woe
tx_335,fib3gxajnc,bg72m7e4po,vvvlelfn8d
tx_336,4887eb7rih,dnwapxnd1i,8rj2groei2
tx_337,idaaksglds,cdtn5rypxi,5mtedzz8oj
tx_338,8rmpgj0tda,nk374125ie,m8bi8tvzer
tx_339,bur4adqdkp,6c7zmh5m9o,fc42vzroo0
tx_340,1iipv57csi,aslcff96yp,nl4xcjdkga
tx_341,dpzfz81iv5,uh5k2mxhrx,63ct5ra05f
tx_342,1n9iw12hqq,fa412kwfer,z2stqeq9yg
tx_343,ekiaem9lxg,dou8nhlufg,9cz9mniejk
tx_344,6opy8tlhoq,yy627otgkw,ds3ln89qt6
tx_345,6mtvn65nh1,fa7ojqn0ph,9nexsst64o
tx_346,1e2ai3d3ch,j1mh691zb6,8xt5i5yn6f
tx_347,e67ff6yiyp,3mgaor4wmr,eq41p8bfvk
tx_348,7vsu5njrzl,xeuoz6sisl,x41mjuf0yx
tx_349,bfgolxb143,mqrnl5otjv,cd3gkh5jew
tx_350,3lwbr1yb0f,fesepj28r3,1hgbn7qebt
tx_351,vewsfl8av6,7gu0iex0ql,gkpo7chad0
tx_352,9h64vsrupl,fgsq8fy00l,fgckdo1vjq
tx_353,99sqyy8q0o,ll6nn1rcuj,p40imi5ed9
tx_354,9zo99zk7cf,sgkfxe2yzw,pt9h4vrqlj
tx_355,q72kab4unx,osgrmp48ir,gqfybw70s3
tx_356,56u0qttdkl,goal7x77br,npaijzic7z
tx_357,7wxx61ri2w,er63oov5wv,fs5icsky44
tx_358,ns8kz70b4y,oz89r3nszk,rmhpf85z5p
tx_359,am5r0w5hw8,jhfn8yl1a7,h5nxa5zqkk
tx_360,hdmmsa5aje,k2lfs0tt0e,d4ge0xtf24
tx_361,3lxv5c6byg,3m0gm7lulp,ciishtz30t
tx_362,2hkg4ox27o,7y6pht7nsk,5h9hsoa4xz
tx_363,8utgs87bkf,rcjm0t05jx,b3ynizsee4
tx_364,6v6gsv70qk,4eoai1g10s,4zz6wamgar
tx_365,40qom3djkh,7hql8py2ze,xgf5yvc9mi
tx_366,rnaxjg7sbh,vfacuwm24s,4ete8trvjp
tx_367,bo9urwu2uf,tslga2vd0z,igxujat6a7
tx_368,22dkdtcbgf,dkmwdx25ra,bxm9m4lgqi
tx_369,bnnmonnpj5,a682zldice,nrui9agvxn
tx_370,ey9lttd238,p6yu9cuefo,1cg9ypjs7p
tx_371,amn22jsdmf,ii1lwodch1,sb6gs5nygc
tx_372,vw61hmtioz,54txb7nxhh,w3vo3g3ine
tx_373,sef3e0bzcw,ky7npyz037,s0gbtpob5o
tx_374,bsk7zlc5bt,coo1l1kv16,heh7x06t2n
tx_375,0ztqj2d1lz,miymb45o2x,kbftt3mg2k
tx_376,t1q625nx38,95e7tqr89n,9wkobqy4a6
tx_377,m2urm9eljb,ek2qnp2v5k,t517r5n8vm
tx_378,c34i1bd3zy,zvsvv631mt,kuawsxzdjp
tx_379,z2stqeq9yg,vfgr6n1rke,ozw19jbzhv
tx_380,phj38is2fd,fc4g75ws1n,82f5ycotlj
tx_381,unezies1zc,u3f8k0iztg,6kd9p270a2
tx_382,d6exsyz743,xtlzn6y8pz,7ktq8hk55z
tx_383,f0s1mim7qb,6xih4apgsf,ty7fzskvxf
tx_384,p89bn4na7w,e6l742jhkr,xbjwnl59cl
tx_385,5w03cw1a9s,okg184buvb,tev52mxj95
tx_386,h3tfvpvnna,b6yv7h25gp,8linx0se6l
tx_387,23cw9qoqs6,u3ctexaqjl,wb2l98amv7
tx_388,7ktq8hk55z,l0aqygu41r,ij86jahlqm
tx_389,xklft68e5n,n52rg4phw8,x5xm6kagcm
tx_390,mrolgo5qwf,z7s6rlwslc,xved8nz8ev
tx_391,ek2qnp2v5k,x1j1lg3tuv,c0g6lq2xdp
tx_392,v95hvzpows,n2jmxgudwq,a1evzpsv7q
tx_393,oxve3evlvp,9mlbqb977y,j09uzpqsro
tx_394,2417ft9vgy,rstzanb7z8,bun1txzukb
tx_395,k45g7f93xq,4z51bfgv07,9873x7yfz0
tx_396,eq85b1nplw,si0b0djz4u,g3tao5ajlt
tx_397,8qctnna8yx,kdzsr07l3u,d4g9an4uby
tx_398,38luia1lvg,vbdeqjiyce,xro222txvk
tx_399,gpzmwv3vn8,z5v0xoyh73,ol2qvhoer5
tx_400,igxujat6a7,t9f85a9esd,tz20pi6tjf
tx_401,szwjw0b2ud,xfv3pom3mw,wj2db38d4u
tx_402,3d2o51q9ez,egzpkkesrp,alabivppc1
tx_403,e9t9g948e0,og4r0qgsc7,4ivjzefa3t
tx_404,xbedbtqb82,vtr7ighe0r,00drlfw9sy
tx_405,u9u1xoqkib,ipwtzq9irf,24t338xyk0
tx_406,larzzu8jat,4d4uri364w,1h8pjjz626
tx_407,ibkgprf303,92yfd7hv47,hyaqvbgs5u
tx_408,dorolv4s9a,ml6ydx831n,f8ksjdsmxb
tx_409,uxeqpoli4u,e49gvdg9ug,mrzvxn1g1t
tx_410,rffpydjxu0,68zsnbl888,2ipwb3w387
tx_411,30cfjuoipw,uwh4la3a2c,xb3tcwqye9
tx_412,nhl03apehl,ee017u4usm,qz702lca1k
tx_413,eqf983y9g5,ur55emofto,9o9xawznt3
tx_414,0ne996ffdc,fe74vpvedz,7oeve77qy2
tx_415,un5vd0mhed,iak5blfbwm,v8fsojajdd
tx_416,g080oxtsmr,nnhxxe3ne7,kjna1crf9m
tx_417,d5ru88v6wa,wo097wbyz2,n8egj6ka8j
tx_418,v11rt5cnoi,489wpmnu3z,iu21htu5pd
tx_419,yu2ke3jpnn,08kc90hsom,yc1ynam76i
tx_420,g43nb52ao5,4qruhtnh7t,y0k9sr6tds
tx_421,ge0dmc8uxh,xz5tm7yruy,0m4hhpjj3u
tx_422,qxi97e7pc0,7vfvcbthxe,yvaqbaw3d8
tx_423,5mtedzz8oj,eemgd6ss6g,sd3v0b2a1v
tx_424,zqibqne796,0ehlvulpqp,582yru7ev9
tx_425,7gu0iex0ql,s1cmae8rkd,rkydj90ubq
tx_426,wb2l98amv7,1zfohjdllu,b6ybt1he3w
tx_427,bsdtks81sy,rgekpxg9oc,b7qhsabqqy
tx_428,dvi04qbbk8,8zil23vppu,rkin29g737
tx_429,dtvi53gr1v,m566rm7832,90qyp3bqd9
tx_430,4giq4xlqhh,rx86sqtj3k,785hfo4kwq
tx_431,vua2osyx8j,rkp0f9dval,p94jjj6b2i
tx_432,b6yv7h25gp,i5qwsc2ki6,yyi2kkkm53
tx_433,vc0j46hly6,81uqcw8elv,7u360evo0j
tx_434,0qvd6m37jb,grqpgu1lpn,ccjulbqwtr
tx_435,rbc06bpy32,treeeexgr8,r0svensbyx
tx_436,2y0h197dlk,1bjz807edk,sz39cdsfrh
tx_437,q9l1kece4k,hlr99vrtri,xzroq9oc5a
tx_438,yqhjrpkwyy,nhnhn7ci4i,n8frg3jlv2
tx_439,9skt295lhs,g8rzikd07z,6jhewrbkud
tx_440,ekzep5sul5,sw8al5b0r3,yjknrc8eq1
tx_441,f9bqi8rzue,vpjoz5w4yn,5f3cb5au4r
tx_442,dzaat2egc8,sprkhheugr,4hkyccltk8
tx_443,nw43cp0bzj,wcxexaobuj,obi3jvw6ni
tx_444,029ezzxxrw,s58xkj1bu1,hsf2bhywim
tx_445,zxz8elbeqo,r7t0wo1nm7,fu0nq9h8gs
tx_446,6i00sqpd2i,t5e8jwzcjk,4oltiqd9ga
tx_447,p5wbvgu2e2,dbuumet0w3,jkzmb3kpia
tx_448,lvpo5phi0h,3a82ntrts5,p41xgmftqk
tx_449,ydratclnup,jv8d4n6qv5,kq4q7l7qmp
tx_450,qu1i4h69bx,374h46s348,4qerwbbi2g
tx_451,roczshw512,g3rby5pmp2,2cqfxitpz6
tx_452,sprkhheugr,sdwfxi1g0j,t7n1tf8cw1
tx_453,osgrmp48ir,7zuo95t7jr,loijpbu98j
tx_454,28ta663tf9,agk4uz5un3,5b8ktbx9py
tx_455,gh7zqx02ly,ngrzgzx0i6,vjvsr738dd
tx_456,i2i0o8wbgz,exz4ktt39d,qs4o0euf9r
tx_457,8k5d19o3p1,hcoypse1ps,t9puqkv8mm
tx_458,6kd9p270a2,555yzhfha3,z9uowyl17f
tx_459,v3kdcnfwpp,pu8kuq5cvj,u4qp9y6v2v
tx_460,oun989p8sm,u758ijhka7,hd8e1vz814
tx_461,qu4wfbfnfq,wo9vmkbaf5,umt7r59ll5
tx_462,clubi399qe,uvcdmiyyo0,9pehdfyhix
tx_463,blcc3nrzc7,bqqslalv8x,v5wjba6mdz
tx_464,5if5b23qfz,bw2oinnahu,nadldpezyd
tx_465,gfiftglmpp,4mx6cg44ls,74pvkjrsjq
tx_466,xz5tm7yruy,awsozlv4lo,x8vbpkhyuy
tx_467,e5b9dy3gbt,atjtiwz2p2,6t9clhhv64
tx_468,6gryrcyth5,w6t87rwnbk,50b9sl594n
tx_469,82f5ycotlj,i69od83iqt,z215pqu804
tx_470,p94jjj6b2i,l3ouzor93j,1c7av6lb2s
tx_471,c9lrxboe1a,ytxcies4hz,q9xcvftwt8
tx_472,t6o69es7i7,wr4mbsenvg,lnqqk9ghal
tx_473,xyp5mn24nv,89o7g0nzy2,uog8lvfaov
tx_474,s3tnno9woi,iyt26xymyh,55nym7cizg
tx_475,x93130diay,ika4b73fmt,qsynb67deh
tx_476,3lrnvpwos1,ktrfmnoxxi,erqigpskkj
tx_477,okg184buvb,xn8hgs12mw,5lq0nzoifr
tx_478,13aoiehddo,oabpjr06tu,puxpc51aj5
tx_479,bqkvxh8ch4,vhe6rxn8wb,pt0j2ljfia
tx_480,egzpkkesrp,m30jgglgo4,oehkger4q9
tx_481,iayy17c2vs,4z8z4lum9c,r34514awy0
tx_482,x41mjuf0yx,ks6uubxr0z,2y456h67pe
tx_483,gwesdlt8ll,fzi7zl0p1n,4i6qbl3mvq
tx_484,t9f85a9esd,csek7zvgvs,svjku9jggd
tx_485,b4y3p2bea4,21316tc47x,mlrnj48779
tx_486,ri3zjxrhdx,5fszlkv6qt,64zcv13w37
tx_487,smumkc1rob,o0wonjttwc,1r2flie6si
tx_488,z9uowyl17f,v4tgg90w3w,7uo3af3l85
tx_489,wst32bpl4x,07nnr0znrz,8c0txwy6lg
tx_490,b2i3rhrnod,4g5w3nsjet,g7evhp9u5f
tx_491,7wg2so4get,9fd9m0vb1v,t3scsai2ip
tx_492,3mgaor4wmr,oku73m26mt,5k8x3levt9
tx_493,54txb7nxhh,nixtkignor,ysqx657imw
tx_494,pt0j2ljfia,i1jzism5hb,zr6tuzcmun
tx_495,emjs0dj13m,q8089tvr6n,yppau4n0cj
tx_496,jkzmb3kpia,nmrhhsoabr,jx6z901bpm
tx_497,3k9195ngcu,pffs13kna1,75jd8cl2io
tx_498,k978q6ge97,i5j8kw0p5n,xorr1b8nw9
tx_499,f3zxh1z24e,zzh83eo2br,7fuakkasgo
tx_500,xzroq9oc5a,rw2gh9pxc7,t923blihmf
tx_501,liytkam9qx,zm92ukb752,05kut27x2j
tx_502,4m12xi5nnv,0qcte1cdmm,n7pik5dfl1
tx_503,fjr7ytem6b,n42uzis3le,qqy6grump5
tx_504,ivulj0on7y,eomkrpoa94,emg1xm6n3z
tx_505,bw641j1ecm,scnpau3c1t,m58d9236th
tx_506,k7xv92f9wv,ccwctzd5ru,hwxheyc3s7
tx_507,b97dz2i28p,dksdpzbh3f,g9i6bigoqw
tx_508,wve1p85if9,12utbpb3ld,fuv8y9e89p
tx_509,u5x1qc6qxb,cu2d7bvya2,v7v445xwlb
tx_510,bcwkc03njw,g5fw5pm1cs,lfifjr2qfp
tx_511,zm92ukb752,mv8b1n8q70,9956n3z96v
tx_512,d970el1179,qkatpxut6s,7iasnzv2s7
tx_513,me6l9rgryn,7jr25mmwbq,890ay9tsa0
tx_514,890ay9tsa0,f9c5jz5wzy,wty0stmy27
tx_515,i1jzism5hb,r393qerizo,eajhyo5rer
tx_516,b2t7jzk5cy,9i02hrhj1n,m86kkku4st
tx_517,bossyqbvtq,2gqid4xxfl,vc1v34nf1c
tx_518,t2ll6l0lvr,ur06bvpcro,tzbi2h7gls
tx_519,tz20pi6tjf,huxpoedhli,6oasyafkvt
tx_520,89o7g0nzy2,j901vnbla3,0w7gnlbknf
tx_521,0pqtpqmzon,73houyujno,niacnyldux
tx_522,tw4mxxvlhx,u8tizc0l9n,3bge18fqxd
tx_523,0eszn8qw4v,4he46381xs,lvzu9qz3cw
tx_524,dzqg2x4kif,1cvlfkttre,6524jj7iy4
tx_525,9cz9mniejk,ttxy84sxgc,mqte77fwub
tx_526,7zqp8wjewj,0dlbaxg9vt,jw61zcb2sn
tx_527,npaijzic7z,6q1wqxr8eb,tdtw20yds1
tx_528,ty7fzskvxf,7deq5d7rcu,w7pwfqxfmt
tx_529,j761kiyiwp,w9y8ul8q3i,m5c5n5z6g8
tx_530,vfgr6n1rke,gs58r1i2xq,k1k339h3y7
tx_531,xzyak9epfw,mshtqd83y7,soxpmom5f1
tx_532,iyt26xymyh,5ozbvivi39,zd5n4fqk40
tx_533,54yrozfm9a,4nz4y4mjy6,fn3ijkdbag
tx_534,e5iotoznkj,5vhk4m2dv0,x7nm3va86l
tx_535,yc1ynam76i,6y903dxqde,0dhex2rexs
tx_536,vlclsro272,hsz9wf33k0,6lcejkgv41
tx_537,yhxrg4g003,qxxt2ajmao,r8hg90gn3l
tx_538,b732d7puvc,58z7eh84ls,3q15682bsh
tx_539,xb3tcwqye9,w64d4p2t7q,qvmqvc4g69
tx_540,76gz6qk90g,2dx4qul9ix,ehsvjkdm9k
tx_541,867haagaco,fr2mow38a0,e596mgdovk
tx_542,thqu46hk0f,wsuo54s3k3,nmdn1bx4nw
tx_543,acfdshew0q,4g4ohpzrq8,2w0gw7iruu
tx_544,7edkl5iv3r,9d02qeor70,414jnrzlw8
tx_545,uq6ybvubl2,ct1u2s40ym,o8zxbczh2x
tx_546,j2q39h9bmt,rqde4uvjew,o6bqsv73yd
tx_547,eahy8qliss,npomgah8fg,6teqmpxfdj
tx_548,mj8tcos6ox,dd9osiowhg,535nl8h6md
tx_549,d4c49f6ugz,b2td2x8i50,saz06ce1r9
tx_550,5lq0nzoifr,bzo04smyln,e5wfoou6ki
tx_551,bwe88zte32,sndl2y3za3,cgs3hcl5cq
tx_552,2n4urc4u4m,vbi0g3roug,1954yi90t5
tx_553,utq3hggh3x,fhi7r7lmty,xp3r8zuxq7
tx_554,f3vozclce4,gtf1yzrp8c,2btyhll4f0
tx_555,treeeexgr8,p6vhlb3nid,v5lxg1n28q
tx_556,o4i42cpxmk,4h5dweqz1a,dqcmxq80m7
tx_557,5tm3qkpivk,acknxmp1d1,0d6qdcne3b
tx_558,4mugd0z7o0,hork4s7sgx,hr4z3y7x1z
tx_559,x0jlg8nmdk,pndtuwoanb,0k5k8tmwxa
tx_560,jq95pn188z,xarabqwtxt,5v6fdvdpbc
tx_561,mncfq1hgzm,9p1ht8z7ek,fpqnb55864
tx_562,oua288bdrz,zaeem4unxc,kky0j1fmm1
tx_563,2v3i80jy0e,zywv7ma45d,xx2h0muia8
tx_564,e51kl7vmq8,sxcde7bzfe,elr9pbbb92
tx_565,xtlzn6y8pz,iy37c9ozbs,rnv77h2nvt
tx_566,8hqkaw3kft,f39ryxmgru,dp2o9gljwn
tx_567,4ducivtqt9,0c8iahx5wz,zm9f4f1rsv
tx_568,fuv8y9e89p,rn5dzka7et,203w6hcjw6
tx_569,4az7h500rs,g72hwgosg6,gm4m7hjd2t
tx_570,z6d4diftv5,epnr4sypdl,12d0nr2mmh
tx_571,fy1s3onj65,px0d5pi7qb,nqas5hy2ha
tx_572,s35iv041wx,kjej5gn95h,xxjwyg0jf2
tx_573,9o7hd8v3mj,yjvjk9rx85,oaujxzeqk5
tx_574,720vl1lysz,sjsfzbuwqn,rpnhitpmqq
tx_575,1954yi90t5,3z0q260n7b,cq165fqgu2
tx_576,we3r1nsgjn,1pmnd32hvv,eykfjwipbl
tx_577,9oflpbj5wp,zzi0ycne4o,2q9tq20y65
tx_578,5b8ktbx9py,c5x9u4ydv5,8mp8kukh4d
tx_579,1r2flie6si,f8uukuoh1m,hjk7zc8fp1
tx_580,36n60covhj,1qc6swm8at,5zfb3ymk2v
tx_581,22ivouvgnj,prlwqzqjmw,vcsiaaz5b6
tx_582,6zqhg80phf,qtgygb8v4k,z63ykb7uh9
tx_583,o8zxbczh2x,5ro9ngexzp,2w9hq10oqp
tx_584,lfifjr2qfp,sogxtkgck4,ll8sbz5vop
tx_585,jhfn8yl1a7,vaqoanfusc,cti68qvif2
tx_586,8zil23vppu,p0vfbq2cnm,d4em1c5m41
tx_587,2bzgv4jkcn,14ux2up4la,5f0e0bife6
tx_588,l93u5uppcq,719ipb30hz,cqmmh5vzbu
tx_589,8jsyez53ys,cop00v8j3k,2qr51c7fyg
tx_590,u8tizc0l9n,dsepbw9ktj,osiwygz9nn
tx_591,xiuh8c62i8,73t5yf5ygj,k84idlgwnh
tx_592,fk8mdiu3xj,fe7704m7t3,gp0y5zqd2w
tx_593,b1fz9fj7zv,5akv57853j,fzg084bs1p
tx_594,qsynb67deh,wplrju9dm1,yh4s2ub67f
tx_595,yfv8lzyak4,963ldn21fm,bj71gce5yq
tx_596,73rr6tkc3l,96se6o2iob,fo4xdxmu3l
tx_597,v2aagavmlq,yuckjr06yq,sbzl5dc1uy
tx_598,xbrndn2gr9,b7gkopf1yr,fwmxyt521a
tx_599,ruz1yhxl4p,s82jn3mypw,l6rdkpyp4z
tx_600,8c0txwy6lg,clrrs1bar8,n87jqqmckm
tx_601,9d6dk23pef,gnbion0uc1,av7buc0sqp
tx_602,ek3zji3jrm,tywl01f5gf,r1ym2bhmro
tx_603,bj71gce5yq,8da9vcish3,b3q13n6sj2
tx_604,73houyujno,b730kxuyd8,aal85auj9y
tx_605,gfn5t0c5tj,re6ri77ik1,lumkobuv2y
tx_606,iyuoqg4udx,80dco4nnqd,snl0ftoi8n
tx_607,0qe9vvlta0,6hlvaiay8j,kmdx59oj2a
tx_608,fgsq8fy00l,1pnrcidc28,675fye1jdq
tx_609,959pzat63e,hks70tg37z,op825jnzfg
tx_610,q5zux89twr,rs0fmxfxxi,e4zig9i3l0
tx_611,gvrdqquoxz,nzu3pdi5y1,5njingrimv
tx_612,mmrvjb292n,gl6spbmywy,992owgj017
tx_613,b69jf4vcuj,f6ficg932w,mb5dk2xf2p
tx_614,f8ksjdsmxb,x4qb6spxzk,pez93hclk6
tx_615,a23mstzdzf,158986szce,azocmqrb5t
tx_616,jlupsxa3mj,79c8uxev2j,qzm741d301
tx_617,hyhli24xv2,wfn7b0jmbq,es26bw97fd
tx_618,mmmwkdc7m3,qqsog4pdts,50pjhnbhlh
tx_619,ika4b73fmt,htgpevxqei,wjslxys49w
tx_620,p6zybdudox,tllsk9q4tp,t4l9ckdcag
tx_621,gm4m7hjd2t,qxz2xm1thl,tgswe1q0s9
tx_622,s0gbtpob5o,88yx6pg7c2,afz4oik2kl
tx_623,f0tg2b1iwb,eshp2tvum7,gupldj0xwr
tx_624,gxrmog5oxw,u764sl0k9d,9cpcq8ta3e
tx_625,57ebybs85q,71i6vu112t,scb3dh4drj
tx_626,jfzh6tpj7v,1cix3lvi54,na4xk543bb
tx_627,4lvroy2o06,78ntm9ewo6,c5i24tbjwa
tx_628,74pvkjrsjq,i32mg8efp8,t5z9trutv8
tx_629,2rbr43nxg4,9jq6y4wh16,fq6cc5ev1q
tx_630,25th6wuaam,lti894149k,u74c59e294
tx_631,1cdzy9r6rs,jnkvqo7wtu,fu4zwcmljf
tx_632,g3irmgf28e,3v81ry2xfq,h0ru2t0wyb
tx_633,3a82ntrts5,a8zhhzlo9e,0lbgml88cd
tx_634,4h5dweqz1a,23bbzkop0m,mw9yhdjvia
tx_635,i5qwsc2ki6,xetj9xhi6g,easderesat
tx_636,epnr4sypdl,jztenyw75w,hp5ifj4l0m
tx_637,992owgj017,dw5qk8u214,flpsq6cjpf
tx_638,c0g6lq2xdp,ubae0pzxyp,8n26wpszkq
tx_639,vytn291zda,3o4u87b67y,8gys4dlaf3
tx_640,u74c59e294,snte2yfmxf,wtnkcot4zb
tx_641,2ji9ibxua9,keu0byi4yd,qzfi64u19t
tx_642,rdc8yq4b98,xasxk8lejw,sws7ertix2
tx_643,hvlygvhsqs,jy49w51pom,vwyv3mnbie
tx_644,orh4xjib6r,r2y1ckesmk,jwr4iagfrb
tx_645,ne244jvs0u,fqawt9ccmz,k8uo4us2xe
tx_646,fw9kpfj9ze,jfl7f5eahr,uyj88rcwy4
tx_647,2tus9n6kv1,f9fvpbx28o,3lp1psfvjr
tx_648,dszsz6qqal,aknep5zu5o,a119cmju9a
tx_649,a105jqttte,8xtfzpw7kp,9g5q8clo0y
tx_650,zng00zpxia,iy3q0pam0q,0he3k9xwrm
tx_651,rsgnrsbkt9,ownf071gg7,eo75d3mvs6
tx_652,puszjhdwl1,e0uonkd70k,4xm3aisco6
tx_653,kvb16kza1b,mcz2v0q4pd,49oztx1jm0
tx_654,grrwi38mxa,m0weib6hyt,1n2trhg7rf
tx_655,25nnckhyjw,mupjotc4xl,k0g56z0q1h
tx_656,fweezrn0ay,p1a9qbbgz8,8noutp30ny
tx_657,wo9vmkbaf5,caqjv1fcj2,expadpf2wy
tx_658,i02mhv9vlv,t7j47fgmag,4v8b78r7jn
tx_659,3hktwusrsy,ynj166zl77,zzse55u3g8
tx_660,zyxljnnhpj,qkwzd1vdhp,x5qi65xxb1
tx_661,8idyr8zw8x,d07yhfntgx,mh76muusdk
tx_662,bzzey3v7xs,q1whztghai,5ex8g0ea9k
tx_663,v3bkrdg7j1,mhlfnql39z,i6s0hglup1
tx_664,e0m3g696lk,398482b83e,yebcm8o8qj
tx_665,16oqnsy32m,k0275bn7t5,247v45ph1t
tx_666,i69od83iqt,x20zs0n7zi,ysuisn0xcc
tx_667,b82lx93adb,4binzwqhxh,uxh6n15gqi
tx_668,av7buc0sqp,lfsnjogxgl,b18v4yghuk
tx_669,uj5nncvrwx,7srk416rso,d9nsv7ivui
tx_670,00drlfw9sy,jqcjj6s3dm,hazwzcbb5h
tx_671,svi6tujz87,hxi9gs4p1f,tywj2b4h7q
tx_672,k18g5w033r,jtjso7a3yz,vykd2oarel
tx_673,3qo5875ogv,sp9utj1f42,q701bc6al8
tx_674,v8kn6bioq8,ivadj9rlbb,rr9nu1xu0t
tx_675,78rwkpj9nh,xtm5lzv91i,5grfxfprwn
tx_676,goq0jqgi3f,kgqqc07qw1,4o3u3jw4ds
tx_677,w7x0ztvueg,ge89o6rxba,188g0qoe2z
tx_678,mkbkiyes6w,6vsc9q6ght,65h95k7zvj
tx_679,p3pmkcvkjn,n3tti78k0f,opmnpm8ife
tx_680,4wtgzbyium,7caqsswobj,4wfqbeuzun
tx_681,rs0royfcqa,8rkshgqec3,pne4cm9u9b
tx_682,mx41ao74cj,vh6tqtserz,kym20u25dc
tx_683,sdwfxi1g0j,vh0ilqm2oz,t3tpletzxf
tx_684,4kjufjvq7s,vxbyw5pguc,o6chwca51c
tx_685,4oltiqd9ga,ed5s2xl3os,eyql6fshyv
tx_686,jlitnpu7ds,id6yotdwm0,4ll7mtyig0
tx_687,e0uonkd70k,kcqjpdmh8l,l5bafls4a9
tx_688,yjzpo6aaoo,o3nzo1noxe,px1pbu4olb
tx_689,na4xk543bb,klrct5lney,yulveqzae5
tx_690,hd8e1vz814,ioyd7xk7ia,vphqlo2du1
tx_691,3g1v25z8g1,l2urrj2pli,tzaswuv5a7
tx_692,eemgd6ss6g,ujy174lyov,tc8bbjusq0
tx_693,d2ouuhov6z,gertjkvfz7,dctoo8q78v
tx_694,cj4x26tk1a,emqrlh7j8n,3o6pdn71ey
tx_695,kjna1crf9m,pn944zrnhi,sht20hs1ik
tx_696,q42u8jefzr,7gm0l27z39,bhwdx939fg
tx_697,95e7tqr89n,ytaxjdl4lx,ylke1vp058
tx_698,dgq8jzyp7q,nu1pol6iar,0muifs8268
tx_699,21316tc47x,dhrz3orvca,qbtp8gvodo
tx_700,f5ofj871pm,gkaxwkbjgs,96z4i3hkn2
tx_701,tm77zzf2bz,0d4tsqnq0c,dyg238yyje
tx_702,q4v964kpsm,ze4k97hg3u,a4lm0ogkqy
tx_703,xn8hgs12mw,cl0mlnc2u7,gnf97mh57j
tx_704,p0hv7d7pt9,td6b2bwjxe,6es48jpaiu
tx_705,8jwq3hgs8w,y7f8uyro3f,bpx8hmjoy6
tx_706,w2vfjupxvn,9bhl247y1n,7ejxti5u7u
tx_707,ljxjmjhdq2,nbwmbyykm2,cpzngwonlq
tx_708,i5j8kw0p5n,4b1rpizxno,zmdm1e214c
tx_709,a7zaeuaa6h,aiqnf6jq52,7tdyyha9eo
tx_710,nqas5hy2ha,hvrtrl948c,71phhsqn2r
tx_711,4wfqbeuzun,b2ma0n2e0r,1qjro0yniu
tx_712,b7gkopf1yr,5ooxe3nh3n,jjkl313o2d
tx_713,o2fzquonx0,qo5yzc2xpe,obo0jak8le
tx_714,4p6kuqeif4,6q4mtq1ekh,ulgwymxlj8
tx_715,3rl17jo9oq,9bdnd9qids,zdn9oieru8
tx_716,xorr1b8nw9,1b3848vb5f,fx31lzze21
tx_717,wqvlaveyxv,nyl9u7lsgk,2qbucvc637
tx_718,lfk28jhute,nkq3x8himj,t99chfjepk
tx_719,p9a1bq2nj7,6wniah3oa8,r69cypkwg3
tx_720,0ppi4zi485,omkvhm613u,ko4axgsq1k
tx_721,4xm3aisco6,cce2qf3h8g,lgn026i33a
tx_722,i7a9sgefep,lzivqs2gpr,bum4ynxhyw
tx_723,yaym9fxgcd,x1ljwi3nqu,d4gjndzl5q
tx_724,t9puqkv8mm,15jyyo21ow,zvit6r6wr2
tx_725,zdu0j2zcft,9myemsw5hp,mdfyz0sj6w
tx_726,w4b01kjltx,dbehyinl9j,5bwglnu6r0
tx_727,z5v0xoyh73,gy6qtk7d0t,tok2nb0ixk
tx_728,nkyz6khl4b,d1mqkr9u9u,djfn8t6x4i
tx_729,rk7bj7mxc3,iyw1lmiqx2,xpg2lcz57x
tx_730,irwnhxr8xk,r4ph85fp3d,zi1icnhdn6
tx_731,yzchswhc2t,9urq1nydyq,arho6afyf4
tx_732,wmpj8lwybn,t1mgf2cl66,lo0yh7fycc
tx_733,vog86pky0y,tgca4890hs,jf4i15l6k0
tx_734,b0h1h7crs1,boouu9jpqo,hevc798uk5
tx_735,emqrlh7j8n,tmxnwqpp8j,ord4v9cbts
tx_736,rpkx2n47oc,ngzyversvi,y3r074ztvt
tx_737,ce0p240rp0,hnsje99ogg,q2o8p2w01e
tx_738,t4m0bhwpq2,x0vat52gb6,lvncn093pj
tx_739,geta1k7lqd,dr70q1kni7,bu39iba8l6
tx_740,qz0r7n2ejo,nuj6dk0h9u,egsz6jcmwa
tx_741,65h95k7zvj,3phcrihfxa,thmvfqcyub
tx_742,t7b55091y9,3enozaalo4,bdbxa3ffxk
tx_743,rn5dzka7et,h46jmyrujs,3zuhi04idz
tx_744,n52rg4phw8,u09pdlj2h5,kjg4ubs2ni
tx_745,fqawt9ccmz,ka3re3vypj,d2kvfxm53j
tx_746,rfnpnx433g,6525gxh04b,nvnfstj9bw
tx_747,j901vnbla3,z4nngumvwt,2g7s6ui9fb
tx_748,yyi2kkkm53,ofxg4xddab,kku625olrv
tx_749,h68veutap8,ajvqm31jm0,sbysx1ffb0
tx_750,kz0rdqvyik,uaxqc9y4pw,te54jst5iv
tx_751,agk4uz5un3,3fa74re06b,8ggz8rqt95
tx_752,8rj2groei2,d10587bl2m,9tr9c5eyxi
tx_753,j1mh691zb6,ed76h6op9i,3oxtm818r2
tx_754,7a6z8l2zbm,i5bddt892x,uytmamgfrn
tx_755,zknngq80k5,ub09igc8qu,rfxvj8r97h
tx_756,1te4vyouau,abvpvv99ex,v7p8xaka6d
tx_757,awrjzzzdkd,xfa1xiypyx,hvuvmusrok
tx_758,ojw75pe2jt,qi3xvf2e07,0b1cgaspzt
tx_759,eftj2r1mio,mmddpvlyg2,eher8bsmq9
tx_760,sxcde7bzfe,zwkxmhcwtb,iwayiqa3d4
tx_761,k4vuxra08d,rhx5p9t4ao,gxl2erkhk5
tx_762,9873x7yfz0,gur1lss47o,xnlakiuxrv
tx_763,hdpz700as9,0n8q8s0mhj,qi2bp5i1pa
tx_764,sw8al5b0r3,qbvnhzf929,g3fsy155q6
tx_765,x20zs0n7zi,48hh9snpg7,xbebv6hpv3
tx_766,6xm41jcerg,w8quxhmxys,8jpmcfmlln
tx_767,svjku9jggd,3c38m42zfb,fi2d0gk6at
tx_768,gnp9idw1kw,ybkxny9gik,ds3zsl1865
tx_769,8xci4lioe0,p3p2ib3p21,xokej0mj1w
tx_770,gtf1yzrp8c,7s7fjeqtk0,stlm94po20
tx_771,w00sck38h4,dqnrbbmynb,xdc52uytnh
tx_772,2e11aqpwpg,gf1dxaaeoe,fi4ortfduo
tx_773,bp8brx6rpt,43b6e73bvo,9ndtu4bjms
tx_774,t923blihmf,uhwkpjab7j,a1o2q29mhz
tx_775,7zcbfydfem,9vdq9p5ojm,bb51ifj3bq
tx_776,rx86sqtj3k,vqp4l2rmaz,4scuk2yet8
tx_777,bu39iba8l6,4u8pms6n6n,k5zhas5y1e
tx_778,bwcll1gbvl,eof7njtszo,p1vq2bcijx
tx_779,idjt29l5lb,gvlqrsv2zt,ltrxzx6dpq
tx_780,fzg084bs1p,3urmk2xqsx,3xid66cgb8
tx_781,2be4ols4dc,drbzxqgmey,8hpu1jhhg5
tx_782,5ex8g0ea9k,g6p17t31c8,xm7chs9gov
tx_783,mmotrf90et,0gif4bkyez,b2xd26d139
tx_784,tci5sriao3,8e9k5plc63,19k8sxf6zo
tx_785,atjtiwz2p2,7dos3k3ok3,ebq5ejp4g5
tx_786,lewwvk36dd,ybfqn9bsm8,75w52i3j7d
tx_787,a0asa3prcx,gh8gsmk8nl,a0sxal9ha2
tx_788,qzm741d301,dveqftm1w5,fo07ym59je
tx_789,nzbftimz11,ed82thq0n9,ywr9sw1iqf
tx_790,b7gl2tai8h,6pukpd9i9f,0zb30xgwwn
tx_791,65guiaj883,iu8yssgfqz,w4hle0cm8s
tx_792,qzj8s526x8,r1vwjeqyig,05gj32pnot
tx_793,74uemjhffj,xa1zl2q996,4revp6zk5u
tx_794,4fa14yr9e6,dbwnp0efoy,qklzbdrudq
tx_795,a4pvxmiihu,w404mjb8d7,n9wbngiw8f
tx_796,ce0fzwkliz,etibwuuwq6,08osrbnnu1
tx_797,8bmcgu2zq6,zya6ieoyn9,1jttnw3jeh
tx_798,ufzsmvxvej,m8qyzzq4q6,drrs0fkruw
tx_799,mjbpcobl9s,sf21ry3w63,qrpxzlc1o9
tx_800,1n2trhg7rf,rccc8hx0k5,0e6a7t3rig
tx_801,0m4hhpjj3u,vkhmg93rcu,5kam23k3u7
tx_802,43b6e73bvo,4ybb7a9fz6,nnfb8oj9s1
tx_803,e5wfoou6ki,8ji7fxm4cm,x25r2ew40k
tx_804,r0svensbyx,c17aqimorx,mszbxpa3ym
tx_805,929loug6hl,djeehzf964,d6m04nxh82
tx_806,oz89r3nszk,32qpgyqnhh,c4jwjij6zj
tx_807,7hql8py2ze,5sozf9j4lz,4ks30owqao
tx_808,bgsob0izv9,2rs1bqpuog,xisma14a74
tx_809,eplzr388cr,72zwdyopou,5my1k2f20q
tx_810,05gj32pnot,nscsj8g299,qui25oe9km
tx_811,eshp2tvum7,lgvjzo179y,na15nd8tub
tx_812,zlbewtlmyi,d75fi1v5kg,3sy0tvvoi9
tx_813,qui25oe9km,isbnuzo14b,biwc6in47p
tx_814,ks87g7usvn,pbhnqbsjex,1x0jq711sf
tx_815,nmrhhsoabr,djmypcvvfr,jt6ef26c1h
tx_816,p0ah383a6d,f0bevmqwyi,3gsdwvu7bp
tx_817,cf327je3k6,m7uwjei2em,jfh0a6q5ux
tx_818,7deq5d7rcu,eb34iu3hjl,bgdc41w83j
tx_819,yjvjk9rx85,5581um1rrs,ehxywys469
tx_820,398482b83e,uta0i9zl8v,r4egvbxw8k
tx_821,9i02hrhj1n,xm45uqilrq,zx1n7h5v8x
tx_822,5sozf9j4lz,ag815rzgid,p3yw6q2gb8
tx_823,xdwol9m8tz,j9p0523ea9,7v4fsxq8z6
tx_824,uuhjh4lbd2,sm4f6uvo3i,wt2hv02rxb
tx_825,vruelg1fle,8ryejrd7lm,al45sld0lu
tx_826,r2lch66y6u,qh20vozyqf,gq7qzf8f2r
tx_827,5ozbvivi39,dsq6mak9f0,52sm8uicd1
tx_828,5f0e0bife6,hgvy99kza3,2k4jxsdolz
tx_829,96se6o2iob,t70d3srz4v,99x6p0odzi
tx_830,yoxx825w67,uztw430fmx,jluxiytofk
tx_831,lk6wb4282r,v96v2rwvtl,0w1wt7i9ri
tx_832,f49gj85z3s,n8am5z0ljw,oppkmiflu2
tx_833,xqq790cfbn,xgid23gthx,k8k5cfm0a5
tx_834,6teqmpxfdj,1woc9jnb5o,ie4cmuvync
tx_835,nkq3x8himj,79ptxet5g7,9wz8jq1wr2
tx_836,ue60oa2en1,z428vtfndl,m6d5ka48jq
tx_837,0gif4bkyez,tng5g3pdrz,3710463rkm
tx_838,p7lbm2s09t,32f1a1skzu,iiyix54840
tx_839,i4eyclzpvl,o02lbnf4lg,94w8anc4j0
tx_840,s5kylmb3pn,hhchbhaokr,1jojg6oev4
tx_841,kuawsxzdjp,73w9vi94kn,zc9npx9q9r
tx_842,q6snqb6zie,juu43nd8rh,dp3j2zbxvx
tx_843,qm134xwn7e,wmzee5cbsw,knoqppcnx0
tx_844,e4zig9i3l0,ks3hxp6mjj,1yl579ritx
tx_845,azocmqrb5t,3vd9610voj,t6gcb4biyo
tx_846,sgreh1p3xg,qru1snpcic,3treh8uqmr
tx_847,qoxvbctfxp,t0ayopgooe,6xcgl69jsh
tx_848,dveqftm1w5,9shyw254n5,8jhklcvscw
tx_849,d10587bl2m,w2hsdx5ylj,8b4jadwsp3
tx_850,r2vzj0s0ly,dxyc5ekgkd,rrv9wsch5y
tx_851,dbehyinl9j,70k7oosjfs,y5cudr0f1k
tx_852,3acmmyd92s,bym9um6h45,dzypbdhjym
tx_853,9y67wcfvp9,yrz8xyzh2s,vjh74k09bi
tx_854,t4l9ckdcag,ta8ru19pbq,ugiyeefq2e
tx_855,nq9mt8i5tq,wtcpbadxhi,dhr4sit7ns
tx_856,g86lfnuxgu,1lbxxlexco,xenunvgxfg
tx_857,xdndfsq4c1,tbnmhyd0he,440jm1102b
tx_858,fq6cc5ev1q,ity1guixqp,qbjjrespe2
tx_859,lti894149k,5nmrjwhe29,eiafkeuh2i
tx_860,w0umifyg8c,lc21q3phqo,lzmw7ol8i7
tx_861,cl0mlnc2u7,iq3rrr23bv,pecrhlzx58
tx_862,71phhsqn2r,ffy1qac4ev,lbknf71fvl
tx_863,gx4d6rwwf3,xmmm62z7yz,rywpu6hsqv
tx_864,ebds3brqu2,k9ap6ji3xa,mm2p6f5u6m
tx_865,4kcddynsgt,64l290nyrn,c78tdcvueo
tx_866,zbqe5fgdbq,q3imc1v0he,b4sitx8byg
tx_867,u7t5fgdolr,lgnhlbg6sa,1ddph8sqoi
tx_868,n8frg3jlv2,ajr0d8v4wl,ii2ntud5nb
tx_869,33wxu3xr9f,k9op3n1dao,jng3dx8dqc
tx_870,4eoai1g10s,o36ks5cyos,2tqsfmsilx
tx_871,rw2gh9pxc7,iwmvdb5rb8,i9y3g0w64q
tx_872,tgswe1q0s9,jh5eqpt0fc,eu5esny9x9
tx_873,7s7fjeqtk0,7ajcede18u,dgttqjl6ws
tx_874,v1fr901n3e,9ymg4ehpe9,zglfnvrlv6
tx_875,qrpxzlc1o9,16yijuyw7a,33zgdcy38c
tx_876,x5xm6kagcm,wlg94jzlz1,kczu82pzok
tx_877,30cvqnlbu7,uet77nthk6,hvnkyqwz6h
tx_878,t0i2licgj2,uhvzywa437,jrvb7iir7q
tx_879,es26bw97fd,cyhwt2r93s,2vgnqnsy46
tx_880,4g4ohpzrq8,7wjuuwnwoc,5z2v8ug6n2
tx_881,2rs1bqpuog,djiirb1u47,5hgpmwlb24
tx_882,wsa4858107,64ma4vsizd,8fx0y4uplt
tx_883,u4qp9y6v2v,r7jmzfflg2,7fzw76sm23
tx_884,3lp1psfvjr,nau4ajj9no,fegc3updu5
tx_885,wgu4kuy79e,1nrtq7qb2a,rlma2vtuwt
tx_886,3l43yyzngf,j88ey3y3kt,mpg1mh0yie
tx_887,t0q6hsqp82,o4pgjdyspp,nx1mxamqeb
tx_888,zggk82q0xx,4sproh9bc3,la2ceomdc4
tx_889,gevepdyeuf,19ou4rmzr9,pqte7m8fih
tx_890,iy37c9ozbs,28viwhfetk,hgqf8fdzvi
tx_891,63ct5ra05f,hkublmdvs2,lw5ipnpj4l
tx_892,bgdc41w83j,rdub30aaqf,0gsxq1zdok
tx_893,1j9i3rv0jh,lnacapbv2f,60pdf8ntlu
tx_894,q9xcvftwt8,jjcijyoc1w,s80mz3abdt
tx_895,rhx5p9t4ao,6wrf7nwuij,hz0r3ry9np
tx_896,sdcf09pllj,mexnn38k6j,ix9edkeihb
tx_897,xrgw7gg05q,ljx0iszdhs,bm7a6zn2sz
tx_898,lsn8qp8wbm,cn8r8367nk,9b8c8nhow6
tx_899,rdub30aaqf,xvw2t5kjsw,6ksf0r3ojy
tx_900,u3qvfbqdj2,qu1w14a5az,en8d5wi5ku
tx_901,6tf1taeidx,4cl5z8zdpy,bt024qtxug
tx_902,xp3r8zuxq7,i551hag0tr,uhg5by30qh
tx_903,6es48jpaiu,uncktqkg40,nrrpqappua
tx_904,04ehyu8blk,u24nqmbfo5,1s8d79uk35
tx_905,m6d5ka48jq,xpi4azxzq7,q1b3dvpajt
tx_906,goal7x77br,wri56v90k6,9eonhcdhon
tx_907,ccjulbqwtr,4kei1a0hvy,krr82ogfo2
tx_908,ktrfmnoxxi,kpwyp0qsq2,17lnnxpk1y
tx_909,2ginzveoem,3sdo5uv84l,02t7cl1xy5
tx_910,lsd288503e,7mugpf84ch,nx41fdhypc
tx_911,d81kg8f4ln,l4dqllzzf8,t5tuxv36e5
tx_912,sx9oqa8vge,v0n9pn0x5k,8hb7e4q743
tx_913,zmdm1e214c,180t3axiqq,8z952fyiyg
tx_914,pq6mh8xabd,d5q41ax9wj,qjkm2q30se
tx_915,hp5ifj4l0m,aki9ria1km,a708rjawjy
tx_916,c4zy1eiuzu,94wj2dmimt,2cydyvkojv
tx_917,zclh6hsywa,uiyddjkclc,xshzfn3fgn
tx_918,n9wbngiw8f,g7r6mp60v6,cculx3zvak
tx_919,2pnlhg96g6,zitkgxdptc,mgzamuxq5u
tx_920,df4cx16y6z,v6h83q72lr,494ktciozi
tx_921,ta8ru19pbq,3ejwfpk89o,mk2kj47e4t
tx_922,7ejxti5u7u,nwr6hfl36x,pka0yq8jhk
tx_923,f4hp7t4axf,tdbbtr6blt,oquxmboed3
tx_924,8hb7e4q743,zv5nnrp0d7,r9tuat9vbm
tx_925,wl6t5t3fl1,qbq0f5lsxb,1sg5yokc5h
tx_926,ka3re3vypj,bhpqjpmu1d,efe7dwsqk9
tx_927,xdc52uytnh,crv1op7jz4,7u0m8sq4bt
tx_928,2vjd7g57sd,0u730ex4el,k2pq64jrus
tx_929,247v45ph1t,vtsvmrso2o,e1m2q6b6fm
tx_930,0gpz74oucc,75k5u4z5lq,3dk8tr49hv
tx_931,ml6ydx831n,kyuqhr3qcr,9p36y5zf6l
tx_932,8b4jadwsp3,haglo0jmw3,k1gy8byold
tx_933,6wjlrfmq24,733dfgzk9q,qiz46r6zd6
tx_934,1s8d79uk35,t0oe2jsu0x,otxrfy5eko
tx_935,dbesqyzrpe,fl2lg8uq6q,jssctgx8vu
tx_936,5kam23k3u7,7ys5md4aua,vesf5ojwt6
tx_937,edps3a684v,5mu0wpy88m,zzm9cknhit
tx_938,5rm7e37350,2iljp5miw6,la1cajlanr
tx_939,emg1xm6n3z,06f2wewiuv,yzgc5lp6np
tx_940,b2td2x8i50,uk8a7moxxo,606oo8d6nj
tx_941,djiirb1u47,qgfsrjtjd5,pf5fltmrg0
tx_942,ybkxny9gik,h2hd9d2m1a,1ilzzjdsae
tx_943,5dhszgi452,9h38itv2nt,mhk6xf2eim
tx_944,qut3aek9pq,itvey0mtt2,wwbp5vkd52
tx_945,0dhex2rexs,nxzn9giv5o,5243rkta4v
tx_946,enb2979gw0,v25zql0sd2,fbldtv34yt
tx_947,juu43nd8rh,vrdgqhzifp,uo62momb5r
tx_948,7ckaoxq1d7,ww6o59umaf,v8380fe9dn
tx_949,3dk8tr49hv,sbn8oug6bx,bf28a7d92t
tx_950,lt8210fd5a,w72o1hi9u1,dorhfcr3m7
tx_951,nngsjgydyq,khjkf4sj6f,dpdszkjc53
tx_952,loz8x7vkl0,jpa49xlebu,bgwtyaok6m
tx_953,zzse55u3g8,3wk9gxivii,kalnm81vcp
tx_954,nmdn1bx4nw,igmdh4kx6t,8irr4z28f4
tx_955,ulnysxd69y,1yvj97zwhg,qejt5abwcp
tx_956,mexnn38k6j,ll2prhly70,hire3fl3bz
tx_957,bgo7vzg0tu,4cutqzcsjr,3p7f8v5nfb
tx_958,16yijuyw7a,7o94ms8pb0,r2omco0bb9
tx_959,1h8pjjz626,723qktmrl3,92evtgu3n7
tx_960,k5zhas5y1e,51rgsx6qt5,fxqbbfs8jo
tx_961,xxjwyg0jf2,3u41bw5qk6,i49u2kam1f
tx_962,bhwdx939fg,8i3g6ftp5z,b2d5gdz7ba
tx_963,70013a95sc,ihmejjqrbi,qds0o26j8m
tx_964,k8k5cfm0a5,yj6vbqbu28,tn8y575iqb
tx_965,8vhxgx2goc,osukwroisj,079l56mvop
tx_966,p6yu9cuefo,bv057b19t4,fjpe962gkb
tx_967,k9ap6ji3xa,h4tml3ih9p,0tw602nv6x
tx_968,fc42vzroo0,zfsenyqcxn,cmbpvv06l3
tx_969,dgm0el2vqh,04yeycjtgs,kr53qhd8wu
tx_970,rekxe4drr0,b5kbs5u0ev,vshw4gwfhe
tx_971,cmbpvv06l3,yumeciq9vx,iuxmgl79h9
tx_972,n14ke8imnq,wctevzhdov,efvcesumn9
tx_973,gqfybw70s3,msg2nwik1s,74s0jy0ysd
tx_974,dluyfk4ckb,0z6ch48t1q,mk5yckic95
tx_975,3ejwfpk89o,ohi7fdmkdu,py76izkuq5
tx_976,3phcrihfxa,3c016v6pyn,wsnlb0zj1u
tx_977,1zfohjdllu,057ww0f0vz,cb6bcvkk8k
tx_978,5wnpmluamc,t5opv5r1tt,3n0xxvgijw
tx_979,uytmamgfrn,3o1nd5fkdy,rpqxmwgt92
tx_980,gj4djkonb5,016swmowi9,2y4oatmgxg
tx_981,3vnxhkp33f,9c6wgmi1lf,sviafwnhc2
tx_982,sdxwqbhsvg,w0ceb4w1lx,975u2ipgjg
tx_983,jfh0a6q5ux,04m4eecy07,g6fnbxv954
tx_984,6wrf7nwuij,wqkv63oy1b,ir3cwb6pj0
tx_985,v96v2rwvtl,a7vwm00h6y,wcgduppe9g
tx_986,w3w6y07w4c,g9m03ydjgy,6bvq13g4ww
tx_987,3gsdwvu7bp,pgbvp2536u,jwa0cu998e
tx_988,wt2hv02rxb,vwmjjh4f3l,zj6w139zr7
tx_989,8be54odfbz,61mraoe0bs,a4waajyh7c
tx_990,s0mdvfz014,0354fkd8kn,i6qi9tnu3c
tx_991,y8vs23wl3o,fox3m7ui0z,b6gbetzwcf
tx_992,ehys2e3sww,35jz8j6c14,1rmm0h2a54
tx_993,9tr9c5eyxi,sdapaqttkx,s24okppgns
tx_994,jng3dx8dqc,sl4trrzr5j,c3omomlmnf
tx_995,e0p0kx8nn4,afmp1ppv1b,e0onifqtzm
tx_996,zoobo0tlwu,pvz9yhajiu,bvu1hu6t4w
tx_997,9wxllybexq,z8cqs0xxqv,zl6xx6sb6q
tx_998,17lnnxpk1y,bf4g8vt0x0,45p805xmm2
tx_999,0phb8mkkkq,jord1ykhoa,ocbl55k5qc
tx_1000,ng5ztketrl,s8ufqr7ufh,3yzd5wn6hr
